Iterasi,Jaringan,Format,Rendering,LCP,TBT,CLS,Payload
1,Broadband,Lottie,SSR,1543.10,0.00,0.000,1092.32
1,Broadband,Lottie,CSR,721.70,0.00,0.000,1092.38
1,Broadband,SVG,SSR,551.61,0.00,0.000,219.10
1,Broadband,SVG,CSR,1238.68,0.00,0.000,218.28
1,Broadband,GIF,SSR,2459.74,0.00,0.000,273.40
1,Broadband,GIF,CSR,1455.83,0.00,0.000,274.95
1,Fast 4G,Lottie,SSR,2474.41,16.68,0.000,1092.25
1,Fast 4G,Lottie,CSR,2253.87,0.00,0.000,1092.45
1,Fast 4G,SVG,SSR,2445.14,0.00,0.000,219.13
1,Fast 4G,SVG,CSR,2255.99,0.00,0.000,218.35
1,Fast 4G,GIF,SSR,2480.51,0.00,0.000,273.41
1,Fast 4G,GIF,CSR,2267.70,0.00,0.000,274.95
1,Slow 4G,Lottie,SSR,2510.63,146.09,0.000,1092.42
1,Slow 4G,Lottie,CSR,3529.21,107.14,0.000,1092.53
1,Slow 4G,SVG,SSR,1507.22,114.69,0.000,219.17
1,Slow 4G,SVG,CSR,1488.02,82.48,0.000,218.36
1,Slow 4G,GIF,SSR,5774.86,106.41,0.000,273.48
1,Slow 4G,GIF,CSR,7090.32,84.30,0.000,275.00
2,Broadband,Lottie,SSR,1427.11,0.00,0.000,1092.17
2,Broadband,Lottie,CSR,253.66,0.00,0.000,1092.44
2,Broadband,SVG,SSR,385.24,0.00,0.000,219.15
2,Broadband,SVG,CSR,225.95,0.00,0.000,218.30
2,Broadband,GIF,SSR,2417.85,0.00,0.000,273.41
2,Broadband,GIF,CSR,329.17,0.00,0.000,274.92
2,Fast 4G,Lottie,SSR,2427.01,78.95,0.000,1092.17
2,Fast 4G,Lottie,CSR,2274.17,223.34,0.000,1092.47
2,Fast 4G,SVG,SSR,2428.48,0.00,0.000,219.16
2,Fast 4G,SVG,CSR,641.87,102.70,0.000,218.26
2,Fast 4G,GIF,SSR,2421.66,0.00,0.000,273.47
2,Fast 4G,GIF,CSR,2267.72,0.00,0.000,274.92
2,Slow 4G,Lottie,SSR,3539.69,708.31,0.000,1092.48
2,Slow 4G,Lottie,CSR,1635.96,216.48,0.000,1092.58
2,Slow 4G,SVG,SSR,1635.77,269.63,0.000,219.19
2,Slow 4G,SVG,CSR,1605.72,326.25,0.000,218.36
2,Slow 4G,GIF,SSR,5772.42,261.69,0.000,273.50
2,Slow 4G,GIF,CSR,7257.42,250.31,0.000,275.00
3,Broadband,Lottie,SSR,2412.86,0.00,0.000,1092.20
3,Broadband,Lottie,CSR,2198.88,0.00,0.000,1092.42
3,Broadband,SVG,SSR,1473.78,0.00,0.000,219.15
3,Broadband,SVG,CSR,1231.13,0.00,0.000,218.17
3,Broadband,GIF,SSR,517.59,0.00,0.000,273.47
3,Broadband,GIF,CSR,2236.21,0.00,0.000,274.83
3,Fast 4G,Lottie,SSR,2443.78,120.68,0.000,1092.24
3,Fast 4G,Lottie,CSR,2272.08,110.32,0.000,1092.47
3,Fast 4G,SVG,SSR,800.09,152.15,0.000,219.16
3,Fast 4G,SVG,CSR,2273.57,0.00,0.000,218.28
3,Fast 4G,GIF,SSR,1787.63,85.63,0.000,273.49
3,Fast 4G,GIF,CSR,2340.50,0.00,0.000,274.92
3,Slow 4G,Lottie,SSR,3526.39,541.19,0.000,1092.31
3,Slow 4G,Lottie,CSR,1572.87,241.36,0.000,1092.54
3,Slow 4G,SVG,SSR,1523.62,479.99,0.000,219.19
3,Slow 4G,SVG,CSR,1546.83,322.26,0.000,218.33
3,Slow 4G,GIF,SSR,5773.35,436.24,0.000,273.47
3,Slow 4G,GIF,CSR,7539.22,332.64,0.000,275.00
4,Broadband,Lottie,SSR,2385.11,0.00,0.000,1092.38
4,Broadband,Lottie,CSR,153.22,0.00,0.000,1092.44
4,Broadband,SVG,SSR,455.64,0.00,0.000,219.11
4,Broadband,SVG,CSR,1225.19,0.00,0.000,218.35
4,Broadband,GIF,SSR,1475.77,0.00,0.000,273.37
4,Broadband,GIF,CSR,458.71,0.00,0.000,274.85
4,Fast 4G,Lottie,SSR,804.11,140.98,0.000,1092.46
4,Fast 4G,Lottie,CSR,2252.57,44.20,0.000,1092.49
4,Fast 4G,SVG,SSR,2454.47,0.00,0.000,219.16
4,Fast 4G,SVG,CSR,2257.34,0.00,0.000,218.30
4,Fast 4G,GIF,SSR,1987.11,94.21,0.000,273.45
4,Fast 4G,GIF,CSR,2297.39,0.00,0.000,274.93
4,Slow 4G,Lottie,SSR,1677.57,621.21,0.000,1092.53
4,Slow 4G,Lottie,CSR,1686.30,670.13,0.000,1092.53
4,Slow 4G,SVG,SSR,1539.80,265.69,0.000,219.17
4,Slow 4G,SVG,CSR,2518.69,358.23,0.000,218.34
4,Slow 4G,GIF,SSR,5795.41,223.95,0.000,273.53
4,Slow 4G,GIF,CSR,7481.73,438.36,0.000,274.98
5,Broadband,Lottie,SSR,2429.61,0.00,0.000,1092.35
5,Broadband,Lottie,CSR,194.47,0.00,0.000,1092.43
5,Broadband,SVG,SSR,2493.63,0.00,0.000,219.11
5,Broadband,SVG,CSR,251.70,0.00,0.000,218.29
5,Broadband,GIF,SSR,2420.76,0.00,0.000,273.38
5,Broadband,GIF,CSR,412.47,0.00,0.000,274.66
5,Fast 4G,Lottie,SSR,2418.50,229.54,0.000,1092.38
5,Fast 4G,Lottie,CSR,2264.07,141.40,0.000,1092.51
5,Fast 4G,SVG,SSR,2475.29,0.00,0.000,219.12
5,Fast 4G,SVG,CSR,2279.67,0.00,0.000,218.31
5,Fast 4G,GIF,SSR,2403.53,0.00,0.000,273.44
5,Fast 4G,GIF,CSR,2285.44,0.00,0.000,274.94
5,Slow 4G,Lottie,SSR,3528.06,496.90,0.000,1092.58
5,Slow 4G,Lottie,CSR,1596.78,207.88,0.000,1092.53
5,Slow 4G,SVG,SSR,1567.64,529.64,0.000,219.16
5,Slow 4G,SVG,CSR,1490.67,287.58,0.000,218.36
5,Slow 4G,GIF,SSR,5816.97,354.96,0.000,273.47
5,Slow 4G,GIF,CSR,7346.61,300.33,0.000,275.03
6,Broadband,Lottie,SSR,2414.70,0.00,0.000,1092.43
6,Broadband,Lottie,CSR,1241.14,0.00,0.000,1092.41
6,Broadband,SVG,SSR,2398.69,0.00,0.000,219.12
6,Broadband,SVG,CSR,238.47,0.00,0.000,218.32
6,Broadband,GIF,SSR,2407.52,0.00,0.000,273.42
6,Broadband,GIF,CSR,2244.88,0.00,0.000,274.84
6,Fast 4G,Lottie,SSR,2437.23,121.78,0.000,1092.10
6,Fast 4G,Lottie,CSR,2255.68,202.86,0.000,1092.50
6,Fast 4G,SVG,SSR,792.02,93.22,0.000,219.12
6,Fast 4G,SVG,CSR,644.27,134.27,0.000,218.10
6,Fast 4G,GIF,SSR,1728.18,61.41,0.000,273.44
6,Fast 4G,GIF,CSR,2302.46,0.00,0.000,274.96
6,Slow 4G,Lottie,SSR,3547.64,599.24,0.000,1092.33
6,Slow 4G,Lottie,CSR,1603.61,587.34,0.000,1092.54
6,Slow 4G,SVG,SSR,1510.56,409.12,0.000,219.15
6,Slow 4G,SVG,CSR,1710.06,200.01,0.000,218.34
6,Slow 4G,GIF,SSR,5848.80,263.69,0.000,273.49
6,Slow 4G,GIF,CSR,7440.13,373.69,0.000,275.00
7,Broadband,Lottie,SSR,2455.51,0.00,0.000,1092.43
7,Broadband,Lottie,CSR,2247.22,0.00,0.000,1092.43
7,Broadband,SVG,SSR,2466.18,0.00,0.000,219.12
7,Broadband,SVG,CSR,1237.77,0.00,0.000,218.29
7,Broadband,GIF,SSR,2503.02,0.00,0.000,273.44
7,Broadband,GIF,CSR,997.00,0.00,0.000,274.94
7,Fast 4G,Lottie,SSR,2393.77,174.16,0.000,1092.42
7,Fast 4G,Lottie,CSR,2275.38,68.02,0.000,1092.47
7,Fast 4G,SVG,SSR,2416.07,0.00,0.000,219.16
7,Fast 4G,SVG,CSR,2261.63,0.00,0.000,218.28
7,Fast 4G,GIF,SSR,2428.99,0.00,0.000,273.50
7,Fast 4G,GIF,CSR,2268.98,0.00,0.000,274.80
7,Slow 4G,Lottie,SSR,1684.77,689.18,0.000,1092.29
7,Slow 4G,Lottie,CSR,1745.16,356.38,0.000,1092.55
7,Slow 4G,SVG,SSR,1649.98,349.73,0.000,219.17
7,Slow 4G,SVG,CSR,1461.04,377.99,0.000,218.17
7,Slow 4G,GIF,SSR,5789.30,224.85,0.000,273.53
7,Slow 4G,GIF,CSR,7421.38,372.99,0.000,274.96
8,Broadband,Lottie,SSR,2453.90,0.00,0.000,1092.17
8,Broadband,Lottie,CSR,1170.29,0.00,0.000,1092.48
8,Broadband,SVG,SSR,1391.12,0.00,0.000,219.12
8,Broadband,SVG,CSR,1224.25,0.00,0.000,218.19
8,Broadband,GIF,SSR,2485.34,0.00,0.000,273.48
8,Broadband,GIF,CSR,488.10,0.00,0.000,274.92
8,Fast 4G,Lottie,SSR,2415.52,119.32,0.000,1092.43
8,Fast 4G,Lottie,CSR,2263.06,172.99,0.000,1092.50
8,Fast 4G,SVG,SSR,2426.69,0.00,0.000,219.12
8,Fast 4G,SVG,CSR,2267.56,0.00,0.000,218.26
8,Fast 4G,GIF,SSR,2444.64,0.00,0.000,273.49
8,Fast 4G,GIF,CSR,2345.80,0.00,0.000,274.91
8,Slow 4G,Lottie,SSR,2523.10,576.18,0.000,1092.64
8,Slow 4G,Lottie,CSR,1609.47,458.49,0.000,1092.56
8,Slow 4G,SVG,SSR,1605.25,350.05,0.000,219.15
8,Slow 4G,SVG,CSR,1502.46,282.49,0.000,218.35
8,Slow 4G,GIF,SSR,5790.89,366.31,0.000,273.48
8,Slow 4G,GIF,CSR,7477.52,389.74,0.000,274.99
9,Broadband,Lottie,SSR,2431.60,0.00,0.000,1092.31
9,Broadband,Lottie,CSR,2148.30,0.00,0.000,1092.43
9,Broadband,SVG,SSR,1439.58,0.00,0.000,219.10
9,Broadband,SVG,CSR,1209.67,0.00,0.000,218.12
9,Broadband,GIF,SSR,2478.44,0.00,0.000,273.42
9,Broadband,GIF,CSR,419.52,0.00,0.000,274.94
9,Fast 4G,Lottie,SSR,1732.29,163.27,0.000,1092.31
9,Fast 4G,Lottie,CSR,2277.85,104.94,0.000,1092.48
9,Fast 4G,SVG,SSR,810.23,137.35,0.000,219.12
9,Fast 4G,SVG,CSR,2279.24,0.00,0.000,218.34
9,Fast 4G,GIF,SSR,1733.75,82.41,0.000,273.44
9,Fast 4G,GIF,CSR,2363.20,0.00,0.000,274.95
9,Slow 4G,Lottie,SSR,1663.82,724.99,0.000,1092.40
9,Slow 4G,Lottie,CSR,1709.06,368.27,0.000,1092.53
9,Slow 4G,SVG,SSR,1655.62,389.56,0.000,219.21
9,Slow 4G,SVG,CSR,1726.71,282.01,0.000,218.33
9,Slow 4G,GIF,SSR,5810.61,390.32,0.000,273.54
9,Slow 4G,GIF,CSR,7433.81,345.79,0.000,274.96
10,Broadband,Lottie,SSR,2467.53,0.00,0.000,1092.56
10,Broadband,Lottie,CSR,2199.18,0.00,0.000,1092.44
10,Broadband,SVG,SSR,1394.55,0.00,0.000,219.18
10,Broadband,SVG,CSR,145.69,0.00,0.000,218.25
10,Broadband,GIF,SSR,2386.71,0.00,0.000,273.46
10,Broadband,GIF,CSR,2303.02,0.00,0.000,274.77
10,Fast 4G,Lottie,SSR,2394.76,193.52,0.000,1092.21
10,Fast 4G,Lottie,CSR,2257.83,100.49,0.000,1092.46
10,Fast 4G,SVG,SSR,2458.38,0.00,0.000,219.16
10,Fast 4G,SVG,CSR,2276.93,0.00,0.000,218.32
10,Fast 4G,GIF,SSR,2446.37,0.00,0.000,273.41
10,Fast 4G,GIF,CSR,2281.70,0.00,0.000,274.85
10,Slow 4G,Lottie,SSR,3561.43,707.48,0.000,1092.39
10,Slow 4G,Lottie,CSR,1696.94,374.65,0.000,1092.56
10,Slow 4G,SVG,SSR,1686.15,525.41,0.000,219.17
10,Slow 4G,SVG,CSR,1644.94,350.67,0.000,218.36
10,Slow 4G,GIF,SSR,5779.14,311.26,0.000,273.50
10,Slow 4G,GIF,CSR,7550.45,449.33,0.000,274.98
11,Broadband,Lottie,SSR,2524.79,0.00,0.000,1092.23
11,Broadband,Lottie,CSR,1231.55,0.00,0.000,1092.49
11,Broadband,SVG,SSR,1410.62,0.00,0.000,219.17
11,Broadband,SVG,CSR,1179.50,0.00,0.000,218.24
11,Broadband,GIF,SSR,2418.96,0.00,0.000,273.46
11,Broadband,GIF,CSR,2351.92,0.00,0.000,274.70
11,Fast 4G,Lottie,SSR,2468.55,244.92,0.000,1092.39
11,Fast 4G,Lottie,CSR,2279.66,99.12,0.000,1092.43
11,Fast 4G,SVG,SSR,2469.92,0.00,0.000,219.14
11,Fast 4G,SVG,CSR,2260.87,0.00,0.000,218.33
11,Fast 4G,GIF,SSR,2520.03,0.00,0.000,273.44
11,Fast 4G,GIF,CSR,2570.66,0.00,0.000,274.84
11,Slow 4G,Lottie,SSR,1684.00,576.78,0.000,1092.51
11,Slow 4G,Lottie,CSR,1612.87,274.81,0.000,1092.57
11,Slow 4G,SVG,SSR,1579.74,257.38,0.000,219.08
11,Slow 4G,SVG,CSR,1597.33,437.08,0.000,218.33
11,Slow 4G,GIF,SSR,5801.35,297.76,0.000,273.53
11,Slow 4G,GIF,CSR,7604.48,539.80,0.000,274.96
12,Broadband,Lottie,SSR,2479.93,0.00,0.000,1092.44
12,Broadband,Lottie,CSR,151.34,6.50,0.000,1092.48
12,Broadband,SVG,SSR,2409.17,0.00,0.000,219.13
12,Broadband,SVG,CSR,2239.07,0.00,0.000,218.26
12,Broadband,GIF,SSR,2443.07,0.00,0.000,273.50
12,Broadband,GIF,CSR,447.62,0.00,0.000,274.89
12,Fast 4G,Lottie,SSR,2434.77,149.06,0.000,1092.21
12,Fast 4G,Lottie,CSR,2266.81,143.69,0.000,1092.52
12,Fast 4G,SVG,SSR,2407.31,0.00,0.000,219.13
12,Fast 4G,SVG,CSR,2267.32,0.00,0.000,218.27
12,Fast 4G,GIF,SSR,2379.66,0.00,0.000,273.49
12,Fast 4G,GIF,CSR,2274.86,0.00,0.000,274.94
12,Slow 4G,Lottie,SSR,1649.03,372.50,0.000,1092.60
12,Slow 4G,Lottie,CSR,2520.82,264.49,0.000,1092.57
12,Slow 4G,SVG,SSR,1535.25,484.33,0.000,219.19
12,Slow 4G,SVG,CSR,1634.01,266.18,0.000,218.31
12,Slow 4G,GIF,SSR,5780.41,193.45,0.000,273.51
12,Slow 4G,GIF,CSR,7341.63,327.53,0.000,274.96
13,Broadband,Lottie,SSR,2429.19,0.00,0.000,1092.22
13,Broadband,Lottie,CSR,2192.35,0.00,0.000,1092.39
13,Broadband,SVG,SSR,1442.58,0.00,0.000,219.15
13,Broadband,SVG,CSR,1240.59,0.00,0.000,218.31
13,Broadband,GIF,SSR,2370.44,0.00,0.000,273.43
13,Broadband,GIF,CSR,367.82,0.00,0.000,274.93
13,Fast 4G,Lottie,SSR,2410.74,137.57,0.000,1092.30
13,Fast 4G,Lottie,CSR,2262.36,243.76,0.000,1092.51
13,Fast 4G,SVG,SSR,2432.96,0.00,0.000,219.13
13,Fast 4G,SVG,CSR,2251.72,0.00,0.000,218.24
13,Fast 4G,GIF,SSR,1773.79,95.62,0.000,273.51
13,Fast 4G,GIF,CSR,2364.59,0.00,0.000,274.85
13,Slow 4G,Lottie,SSR,1589.20,540.63,0.000,1092.36
13,Slow 4G,Lottie,CSR,1571.59,402.90,0.000,1092.54
13,Slow 4G,SVG,SSR,1710.59,370.19,0.000,219.19
13,Slow 4G,SVG,CSR,1787.79,291.13,0.000,218.35
13,Slow 4G,GIF,SSR,5795.91,287.22,0.000,273.51
13,Slow 4G,GIF,CSR,7338.84,320.46,0.000,274.98
14,Broadband,Lottie,SSR,477.45,0.00,0.000,1092.24
14,Broadband,Lottie,CSR,219.82,3.90,0.000,1092.40
14,Broadband,SVG,SSR,1383.31,0.00,0.000,219.17
14,Broadband,SVG,CSR,1182.85,0.00,0.000,218.14
14,Broadband,GIF,SSR,1087.09,0.00,0.000,273.41
14,Broadband,GIF,CSR,2340.59,0.00,0.000,274.79
14,Fast 4G,Lottie,SSR,2509.61,107.07,0.000,1092.52
14,Fast 4G,Lottie,CSR,2256.88,67.73,0.000,1092.49
14,Fast 4G,SVG,SSR,831.89,96.01,0.000,219.16
14,Fast 4G,SVG,CSR,2260.04,0.00,0.000,218.28
14,Fast 4G,GIF,SSR,2401.59,0.00,0.000,273.52
14,Fast 4G,GIF,CSR,2286.79,0.00,0.000,274.93
14,Slow 4G,Lottie,SSR,1680.51,510.16,0.000,1092.55
14,Slow 4G,Lottie,CSR,1731.51,385.84,0.000,1092.55
14,Slow 4G,SVG,SSR,1686.40,457.90,0.000,219.17
14,Slow 4G,SVG,CSR,1761.90,390.27,0.000,218.34
14,Slow 4G,GIF,SSR,5791.72,363.12,0.000,273.51
14,Slow 4G,GIF,CSR,7813.15,617.12,0.000,274.97
15,Broadband,Lottie,SSR,1413.50,0.00,0.000,1092.61
15,Broadband,Lottie,CSR,1214.03,0.00,0.000,1092.49
15,Broadband,SVG,SSR,519.67,0.00,0.000,219.19
15,Broadband,SVG,CSR,1155.61,0.00,0.000,218.24
15,Broadband,GIF,SSR,538.23,0.00,0.000,273.47
15,Broadband,GIF,CSR,424.67,0.00,0.000,274.89
15,Fast 4G,Lottie,SSR,940.79,267.35,0.000,1092.40
15,Fast 4G,Lottie,CSR,2266.36,127.73,0.000,1092.44
15,Fast 4G,SVG,SSR,848.37,66.64,0.000,219.19
15,Fast 4G,SVG,CSR,2266.88,0.00,0.000,218.27
15,Fast 4G,GIF,SSR,1810.06,65.33,0.000,273.51
15,Fast 4G,GIF,CSR,2235.49,93.84,0.000,274.91
15,Slow 4G,Lottie,SSR,1764.63,651.79,0.000,1092.63
15,Slow 4G,Lottie,CSR,1461.37,629.39,0.000,1092.53
15,Slow 4G,SVG,SSR,1665.88,391.73,0.000,219.16
15,Slow 4G,SVG,CSR,1508.58,298.00,0.000,218.35
15,Slow 4G,GIF,SSR,5818.57,387.87,0.000,273.53
15,Slow 4G,GIF,CSR,7282.84,266.14,0.000,275.02
16,Broadband,Lottie,SSR,1367.02,0.00,0.000,1092.21
16,Broadband,Lottie,CSR,1162.81,0.00,0.000,1092.45
16,Broadband,SVG,SSR,1408.91,0.00,0.000,219.11
16,Broadband,SVG,CSR,1212.58,0.00,0.000,218.14
16,Broadband,GIF,SSR,1453.30,0.00,0.000,273.42
16,Broadband,GIF,CSR,420.78,0.00,0.000,274.97
16,Fast 4G,Lottie,SSR,2453.34,256.61,0.000,1092.39
16,Fast 4G,Lottie,CSR,2285.76,185.35,0.000,1092.56
1,Broadband,Lottie,SSR,1323.29,0.00,0.000,1092.46
1,Broadband,Lottie,CSR,1188.03,0.00,0.000,1092.48
1,Broadband,Lottie,SSR,2508.53,0.00,0.000,1092.34
1,Broadband,Lottie,CSR,166.51,0.00,0.000,1092.48
1,Broadband,SVG,SSR,1454.62,0.00,0.000,219.15
1,Broadband,SVG,CSR,170.50,0.00,0.000,218.17
1,Broadband,GIF,SSR,437.01,0.00,0.000,273.45
1,Broadband,GIF,CSR,332.11,0.00,0.000,274.89
1,Fast 4G,Lottie,SSR,2389.08,235.79,0.000,1092.25
1,Fast 4G,Lottie,CSR,2264.62,66.32,0.000,1092.46
1,Fast 4G,SVG,SSR,829.90,48.69,0.000,219.15
1,Fast 4G,SVG,CSR,2263.25,0.00,0.000,218.31
1,Fast 4G,GIF,SSR,2470.54,0.00,0.000,273.49
1,Fast 4G,GIF,CSR,2291.00,0.00,0.000,274.96
1,Slow 4G,Lottie,SSR,1623.01,616.98,0.000,1092.37
1,Slow 4G,Lottie,CSR,1440.38,195.71,0.000,1092.54
1,Slow 4G,SVG,SSR,1642.12,242.62,0.000,219.16
1,Slow 4G,SVG,CSR,2518.39,231.05,0.000,218.41
1,Slow 4G,GIF,SSR,5767.68,337.28,0.000,273.48
1,Slow 4G,GIF,CSR,7384.98,341.63,0.000,275.02
2,Broadband,Lottie,SSR,2464.42,0.00,0.000,1092.10
2,Broadband,Lottie,CSR,204.19,0.00,0.000,1092.48
2,Broadband,SVG,SSR,1432.82,0.00,0.000,219.11
2,Broadband,SVG,CSR,231.17,0.00,0.000,218.29
2,Broadband,GIF,SSR,596.94,0.00,0.000,273.44
2,Broadband,GIF,CSR,391.41,0.00,0.000,274.95
2,Fast 4G,Lottie,SSR,2490.12,194.73,0.000,1092.43
2,Fast 4G,Lottie,CSR,2259.52,43.51,0.000,1092.50
2,Fast 4G,SVG,SSR,2399.29,0.00,0.000,219.17
2,Fast 4G,SVG,CSR,2282.78,0.00,0.000,218.30
2,Fast 4G,GIF,SSR,1677.40,29.05,0.000,273.48
2,Fast 4G,GIF,CSR,2268.92,0.00,0.000,274.94
2,Slow 4G,Lottie,SSR,3507.69,507.88,0.000,1092.41
2,Slow 4G,Lottie,CSR,1671.11,76.04,0.000,1092.53
2,Slow 4G,SVG,SSR,1560.31,75.62,0.000,219.20
2,Slow 4G,SVG,CSR,1643.17,197.16,0.000,218.40
2,Slow 4G,GIF,SSR,5814.71,295.34,0.000,273.53
2,Slow 4G,GIF,CSR,7462.61,409.79,0.000,275.01
3,Broadband,Lottie,SSR,397.30,0.00,0.000,1092.40
3,Broadband,Lottie,CSR,1212.65,0.00,0.000,1092.52
3,Broadband,SVG,SSR,389.19,0.00,0.000,219.11
3,Broadband,SVG,CSR,208.78,0.00,0.000,218.21
3,Broadband,GIF,SSR,2373.48,0.00,0.000,273.48
3,Broadband,GIF,CSR,2187.74,0.00,0.000,274.84
3,Fast 4G,Lottie,SSR,2408.18,219.73,0.000,1092.43
3,Fast 4G,Lottie,CSR,2259.45,11.19,0.000,1092.51
3,Fast 4G,SVG,SSR,779.59,95.26,0.000,219.13
3,Fast 4G,SVG,CSR,2266.05,0.00,0.000,218.31
3,Fast 4G,GIF,SSR,2417.17,0.00,0.000,273.46
3,Fast 4G,GIF,CSR,2350.04,0.00,0.000,274.95
3,Slow 4G,Lottie,SSR,3540.01,433.14,0.000,1092.50
3,Slow 4G,Lottie,CSR,1623.81,224.44,0.000,1092.58
3,Slow 4G,SVG,SSR,1673.30,419.07,0.000,219.17
3,Slow 4G,SVG,CSR,1571.41,97.93,0.000,218.41
3,Slow 4G,GIF,SSR,5803.25,87.40,0.000,273.52
3,Slow 4G,GIF,CSR,7079.98,76.44,0.000,274.99
4,Broadband,Lottie,SSR,435.48,0.00,0.000,1092.32
4,Broadband,Lottie,CSR,1232.09,0.00,0.000,1092.46
4,Broadband,SVG,SSR,2430.65,0.00,0.000,219.16
4,Broadband,SVG,CSR,157.13,0.00,0.000,218.16
4,Broadband,GIF,SSR,2412.42,0.00,0.000,273.50
4,Broadband,GIF,CSR,2141.00,0.00,0.000,274.92
4,Fast 4G,Lottie,SSR,2406.36,15.45,0.000,1092.62
4,Fast 4G,Lottie,CSR,2280.23,0.00,0.000,1092.52
4,Fast 4G,SVG,SSR,2375.32,0.00,0.000,219.13
4,Fast 4G,SVG,CSR,2248.07,0.00,0.000,218.17
4,Fast 4G,GIF,SSR,2485.17,0.00,0.000,273.50
4,Fast 4G,GIF,CSR,2316.05,0.00,0.000,274.92
4,Slow 4G,Lottie,SSR,1670.80,171.66,0.000,1092.50
4,Slow 4G,Lottie,CSR,3529.89,84.62,0.000,1092.55
4,Slow 4G,SVG,SSR,1636.11,76.72,0.000,219.16
4,Slow 4G,SVG,CSR,3518.28,70.92,0.000,218.28
4,Slow 4G,GIF,SSR,5771.34,79.87,0.000,273.49
4,Slow 4G,GIF,CSR,7180.81,71.02,0.000,275.03
5,Broadband,Lottie,SSR,462.57,0.00,0.000,1092.21
5,Broadband,Lottie,CSR,1265.79,0.00,0.000,1092.52
5,Broadband,SVG,SSR,2455.36,0.00,0.000,219.17
5,Broadband,SVG,CSR,2241.84,0.00,0.000,218.32
5,Broadband,GIF,SSR,2415.12,0.00,0.000,273.45
5,Broadband,GIF,CSR,2145.56,0.00,0.000,274.94
5,Fast 4G,Lottie,SSR,2390.87,7.41,0.000,1092.18
5,Fast 4G,Lottie,CSR,2253.36,0.00,0.000,1092.46
5,Fast 4G,SVG,SSR,2443.93,0.00,0.000,219.19
5,Fast 4G,SVG,CSR,2257.03,0.00,0.000,218.15
5,Fast 4G,GIF,SSR,2448.01,0.00,0.000,273.47
5,Fast 4G,GIF,CSR,2367.27,0.00,0.000,274.94
5,Slow 4G,Lottie,SSR,3516.46,122.23,0.000,1092.34
5,Slow 4G,Lottie,CSR,3532.94,77.74,0.000,1092.56
5,Slow 4G,SVG,SSR,3523.11,82.30,0.000,219.20
5,Slow 4G,SVG,CSR,1636.49,74.09,0.000,218.35
5,Slow 4G,GIF,SSR,5783.77,77.21,0.000,273.54
5,Slow 4G,GIF,CSR,7139.09,64.27,0.000,274.81
6,Broadband,Lottie,SSR,2379.93,0.00,0.000,1092.32
6,Broadband,Lottie,CSR,1208.31,0.00,0.000,1092.46
6,Broadband,SVG,SSR,702.56,0.00,0.000,219.11
6,Broadband,SVG,CSR,184.42,0.00,0.000,218.35
6,Broadband,GIF,SSR,2480.69,0.00,0.000,273.43
6,Broadband,GIF,CSR,2279.42,0.00,0.000,274.94
6,Fast 4G,Lottie,SSR,2438.67,10.19,0.000,1092.53
6,Fast 4G,Lottie,CSR,2251.99,0.00,0.000,1092.51
6,Fast 4G,SVG,SSR,2513.99,0.00,0.000,219.15
6,Fast 4G,SVG,CSR,2253.28,0.00,0.000,218.32
6,Fast 4G,GIF,SSR,2457.68,0.00,0.000,273.50
6,Fast 4G,GIF,CSR,2253.31,0.00,0.000,274.95
6,Slow 4G,Lottie,SSR,1583.49,134.83,0.000,1092.64
6,Slow 4G,Lottie,CSR,1661.24,79.20,0.000,1092.54
6,Slow 4G,SVG,SSR,2531.69,79.80,0.000,219.16
6,Slow 4G,SVG,CSR,3510.48,83.86,0.000,218.35
6,Slow 4G,GIF,SSR,5771.17,81.30,0.000,273.52
6,Slow 4G,GIF,CSR,7062.75,82.92,0.000,275.00
7,Broadband,Lottie,SSR,2448.01,0.00,0.000,1092.23
7,Broadband,Lottie,CSR,2266.10,0.00,0.000,1092.49
7,Broadband,SVG,SSR,1435.16,0.00,0.000,219.19
7,Broadband,SVG,CSR,1272.36,0.00,0.000,218.13
7,Broadband,GIF,SSR,564.60,0.00,0.000,273.46
7,Broadband,GIF,CSR,1402.55,0.00,0.000,274.92
7,Fast 4G,Lottie,SSR,2454.67,6.07,0.000,1092.56
7,Fast 4G,Lottie,CSR,2250.45,0.00,0.000,1092.51
7,Fast 4G,SVG,SSR,2487.92,0.00,0.000,219.21
7,Fast 4G,SVG,CSR,2279.17,0.00,0.000,218.29
7,Fast 4G,GIF,SSR,2437.93,0.00,0.000,273.50
7,Fast 4G,GIF,CSR,2261.40,0.00,0.000,274.92
7,Slow 4G,Lottie,SSR,1601.35,120.61,0.000,1092.29
7,Slow 4G,Lottie,CSR,1447.36,84.36,0.000,1092.55
7,Slow 4G,SVG,SSR,1568.21,75.16,0.000,219.17
7,Slow 4G,SVG,CSR,1786.03,68.85,0.000,218.33
7,Slow 4G,GIF,SSR,5807.29,93.22,0.000,273.56
7,Slow 4G,GIF,CSR,7081.54,77.78,0.000,274.89
8,Broadband,Lottie,SSR,2449.47,0.00,0.000,1092.38
8,Broadband,Lottie,CSR,1261.83,0.00,0.000,1092.50
8,Broadband,SVG,SSR,1424.62,0.00,0.000,219.14
8,Broadband,SVG,CSR,1246.32,0.00,0.000,218.31
8,Broadband,GIF,SSR,2488.15,0.00,0.000,273.48
8,Broadband,GIF,CSR,2356.63,0.00,0.000,274.97
8,Fast 4G,Lottie,SSR,2438.20,7.33,0.000,1092.45
8,Fast 4G,Lottie,CSR,2262.39,0.00,0.000,1092.54
8,Fast 4G,SVG,SSR,2486.66,0.00,0.000,219.17
8,Fast 4G,SVG,CSR,2294.83,0.00,0.000,218.19
8,Fast 4G,GIF,SSR,2451.99,0.00,0.000,273.56
8,Fast 4G,GIF,CSR,2263.04,0.00,0.000,274.94
8,Slow 4G,Lottie,SSR,1508.18,123.54,0.000,1092.31
8,Slow 4G,Lottie,CSR,1301.45,94.08,0.000,1092.59
8,Slow 4G,SVG,SSR,3519.51,84.39,0.000,219.16
8,Slow 4G,SVG,CSR,3522.65,75.62,0.000,218.36
8,Slow 4G,GIF,SSR,5806.36,80.43,0.000,273.50
8,Slow 4G,GIF,CSR,7078.11,73.03,0.000,275.00
9,Broadband,Lottie,SSR,1440.22,0.00,0.000,1092.45
9,Broadband,Lottie,CSR,1213.53,0.00,0.000,1092.49
9,Broadband,SVG,SSR,2386.48,0.00,0.000,219.16
9,Broadband,SVG,CSR,2273.65,0.00,0.000,218.19
9,Broadband,GIF,SSR,2453.83,0.00,0.000,273.50
9,Broadband,GIF,CSR,2258.23,0.00,0.000,274.89
9,Fast 4G,Lottie,SSR,2410.60,8.17,0.000,1092.26
9,Fast 4G,Lottie,CSR,2259.41,0.00,0.000,1092.51
9,Fast 4G,SVG,SSR,2478.46,0.00,0.000,219.18
9,Fast 4G,SVG,CSR,2276.10,0.00,0.000,218.32
9,Fast 4G,GIF,SSR,2469.07,0.00,0.000,273.51
9,Fast 4G,GIF,CSR,2335.61,0.00,0.000,274.94
9,Slow 4G,Lottie,SSR,3518.59,119.10,0.000,1092.33
9,Slow 4G,Lottie,CSR,1402.81,71.63,0.000,1092.55
9,Slow 4G,SVG,SSR,1540.60,82.66,0.000,219.17
9,Slow 4G,SVG,CSR,1551.36,160.78,0.000,218.28
9,Slow 4G,GIF,SSR,5837.55,97.41,0.000,273.50
9,Slow 4G,GIF,CSR,7066.61,69.92,0.000,274.94
10,Broadband,Lottie,SSR,385.77,0.00,0.000,1092.45
10,Broadband,Lottie,CSR,1272.22,0.00,0.000,1092.47
10,Broadband,SVG,SSR,2457.97,0.00,0.000,219.17
10,Broadband,SVG,CSR,261.56,0.00,0.000,218.31
10,Broadband,GIF,SSR,2490.82,0.00,0.000,273.48
10,Broadband,GIF,CSR,592.74,0.00,0.000,274.94
10,Fast 4G,Lottie,SSR,2437.67,6.41,0.000,1092.28
10,Fast 4G,Lottie,CSR,2253.52,0.00,0.000,1092.48
10,Fast 4G,SVG,SSR,2457.30,0.00,0.000,219.19
10,Fast 4G,SVG,CSR,2257.50,0.00,0.000,218.26
10,Fast 4G,GIF,SSR,2465.10,0.00,0.000,273.51
10,Fast 4G,GIF,CSR,2260.73,0.00,0.000,274.94
10,Slow 4G,Lottie,SSR,3518.80,131.51,0.000,1092.24
10,Slow 4G,Lottie,CSR,3531.91,68.07,0.000,1092.56
10,Slow 4G,SVG,SSR,1488.94,61.48,0.000,219.17
10,Slow 4G,SVG,CSR,2502.64,75.04,0.000,218.27
10,Slow 4G,GIF,SSR,5785.69,118.76,0.000,273.55
10,Slow 4G,GIF,CSR,7090.39,80.03,0.000,275.00
11,Broadband,Lottie,SSR,2516.40,0.00,0.000,1092.27
11,Broadband,Lottie,CSR,2256.42,0.00,0.000,1092.50
11,Broadband,SVG,SSR,1482.05,0.00,0.000,219.15
11,Broadband,SVG,CSR,2272.69,0.00,0.000,218.04
11,Broadband,GIF,SSR,2474.05,0.00,0.000,273.44
11,Broadband,GIF,CSR,1342.36,0.00,0.000,274.95
11,Fast 4G,Lottie,SSR,2480.89,5.51,0.000,1092.38
11,Fast 4G,Lottie,CSR,2283.80,0.00,0.000,1092.44
11,Fast 4G,SVG,SSR,2495.28,0.00,0.000,219.17
11,Fast 4G,SVG,CSR,2263.28,0.00,0.000,218.28
11,Fast 4G,GIF,SSR,2479.86,0.00,0.000,273.52
11,Fast 4G,GIF,CSR,2341.77,0.00,0.000,274.93
11,Slow 4G,Lottie,SSR,1596.49,117.64,0.000,1092.22
11,Slow 4G,Lottie,CSR,3529.69,86.41,0.000,1092.58
11,Slow 4G,SVG,SSR,1719.56,74.39,0.000,219.17
11,Slow 4G,SVG,CSR,1207.01,66.22,0.000,218.32
11,Slow 4G,GIF,SSR,5784.60,67.79,0.000,273.51
11,Slow 4G,GIF,CSR,7171.99,74.77,0.000,275.06
12,Broadband,Lottie,SSR,1417.35,0.00,0.000,1092.48
12,Broadband,Lottie,CSR,2259.22,0.00,0.000,1092.46
12,Broadband,SVG,SSR,1471.24,0.00,0.000,219.21
12,Broadband,SVG,CSR,2203.76,0.00,0.000,218.17
12,Broadband,GIF,SSR,2462.45,0.00,0.000,273.50
12,Broadband,GIF,CSR,2237.74,0.00,0.000,274.92
12,Fast 4G,Lottie,SSR,2458.59,3.05,0.000,1092.43
12,Fast 4G,Lottie,CSR,2257.95,0.00,0.000,1092.54
12,Fast 4G,SVG,SSR,2415.40,0.00,0.000,219.14
12,Fast 4G,SVG,CSR,2254.63,0.00,0.000,218.33
12,Fast 4G,GIF,SSR,2448.63,0.00,0.000,273.45
12,Fast 4G,GIF,CSR,2323.13,0.00,0.000,275.00
12,Slow 4G,Lottie,SSR,3522.63,123.84,0.000,1092.37
12,Slow 4G,Lottie,CSR,3549.68,64.78,0.000,1092.56
12,Slow 4G,SVG,SSR,1665.01,81.12,0.000,219.22
12,Slow 4G,SVG,CSR,1526.74,69.86,0.000,218.35
12,Slow 4G,GIF,SSR,5771.14,87.57,0.000,273.56
12,Slow 4G,GIF,CSR,7056.40,73.88,0.000,274.99
13,Broadband,Lottie,SSR,2450.42,0.00,0.000,1092.32
13,Broadband,Lottie,CSR,1275.69,0.00,0.000,1092.51
13,Broadband,SVG,SSR,2426.46,0.00,0.000,219.13
13,Broadband,SVG,CSR,2252.09,0.00,0.000,218.31
13,Broadband,GIF,SSR,2483.28,0.00,0.000,273.48
13,Broadband,GIF,CSR,2286.74,0.00,0.000,274.77
13,Fast 4G,Lottie,SSR,2432.31,5.99,0.000,1092.38
13,Fast 4G,Lottie,CSR,2283.64,0.00,0.000,1092.53
13,Fast 4G,SVG,SSR,2460.44,0.00,0.000,219.13
13,Fast 4G,SVG,CSR,2255.97,0.00,0.000,218.33
13,Fast 4G,GIF,SSR,2427.59,0.00,0.000,273.45
13,Fast 4G,GIF,CSR,2439.59,0.00,0.000,275.00
13,Slow 4G,Lottie,SSR,1554.53,121.75,0.000,1092.49
13,Slow 4G,Lottie,CSR,1682.21,77.17,0.000,1092.53
13,Slow 4G,SVG,SSR,1594.16,114.52,0.000,219.22
13,Slow 4G,SVG,CSR,1825.87,76.63,0.000,218.34
13,Slow 4G,GIF,SSR,5810.60,96.68,0.000,273.54
13,Slow 4G,GIF,CSR,7097.33,79.69,0.000,274.96
14,Broadband,Lottie,SSR,1441.24,0.00,0.000,1092.21
14,Broadband,Lottie,CSR,1265.91,0.00,0.000,1092.45
14,Broadband,SVG,SSR,2383.27,0.00,0.000,219.17
14,Broadband,SVG,CSR,2285.76,0.00,0.000,218.30
14,Broadband,GIF,SSR,2470.87,0.00,0.000,273.46
14,Broadband,GIF,CSR,2286.64,0.00,0.000,274.95
14,Fast 4G,Lottie,SSR,2448.30,5.35,0.000,1092.46
14,Fast 4G,Lottie,CSR,2260.83,0.00,0.000,1092.48
14,Fast 4G,SVG,SSR,2453.41,0.00,0.000,219.14
14,Fast 4G,SVG,CSR,2269.65,0.00,0.000,218.19
14,Fast 4G,GIF,SSR,1766.08,6.13,0.000,273.49
14,Fast 4G,GIF,CSR,2348.49,0.00,0.000,274.96
14,Slow 4G,Lottie,SSR,1634.88,128.52,0.000,1092.53
14,Slow 4G,Lottie,CSR,1464.38,87.85,0.000,1092.55
14,Slow 4G,SVG,SSR,1499.64,77.12,0.000,219.20
14,Slow 4G,SVG,CSR,1733.05,67.43,0.000,218.33
14,Slow 4G,GIF,SSR,5761.69,119.80,0.000,273.55
14,Slow 4G,GIF,CSR,7091.22,73.93,0.000,275.02
15,Broadband,Lottie,SSR,2399.95,0.00,0.000,1092.36
15,Broadband,Lottie,CSR,2235.60,0.00,0.000,1092.50
15,Broadband,SVG,SSR,1438.13,0.00,0.000,219.17
15,Broadband,SVG,CSR,2275.16,0.00,0.000,218.29
15,Broadband,GIF,SSR,2466.01,0.00,0.000,273.50
15,Broadband,GIF,CSR,2263.91,0.00,0.000,274.94
15,Fast 4G,Lottie,SSR,2471.62,7.50,0.000,1092.46
15,Fast 4G,Lottie,CSR,2267.62,0.00,0.000,1092.51
15,Fast 4G,SVG,SSR,2470.16,0.00,0.000,219.20
15,Fast 4G,SVG,CSR,2258.13,0.00,0.000,218.28
15,Fast 4G,GIF,SSR,2418.13,0.00,0.000,273.49
15,Fast 4G,GIF,CSR,2308.81,0.00,0.000,274.96
15,Slow 4G,Lottie,SSR,3522.48,120.21,0.000,1092.30
15,Slow 4G,Lottie,CSR,1438.39,85.22,0.000,1092.58
15,Slow 4G,SVG,SSR,3514.58,74.45,0.000,219.16
15,Slow 4G,SVG,CSR,1604.66,67.76,0.000,218.36
15,Slow 4G,GIF,SSR,5781.44,84.22,0.000,273.51
15,Slow 4G,GIF,CSR,7102.90,82.97,0.000,275.02
16,Broadband,Lottie,SSR,2485.55,0.00,0.000,1092.34
16,Broadband,Lottie,CSR,2268.95,0.00,0.000,1092.48
16,Broadband,SVG,SSR,2517.70,0.00,0.000,219.16
16,Broadband,SVG,CSR,2274.77,0.00,0.000,218.20
16,Broadband,GIF,SSR,2482.85,0.00,0.000,273.45
16,Broadband,GIF,CSR,1351.27,0.00,0.000,274.74
16,Fast 4G,Lottie,SSR,2452.98,5.86,0.000,1092.25
16,Fast 4G,Lottie,CSR,2265.64,0.00,0.000,1092.45
16,Fast 4G,SVG,SSR,2496.56,0.00,0.000,219.16
16,Fast 4G,SVG,CSR,2270.68,0.00,0.000,218.28
16,Fast 4G,GIF,SSR,2400.28,0.00,0.000,273.48
16,Fast 4G,GIF,CSR,2346.50,0.00,0.000,274.92
16,Slow 4G,Lottie,SSR,3532.97,145.09,0.000,1092.53
16,Slow 4G,Lottie,CSR,2515.44,77.24,0.000,1092.54
16,Slow 4G,SVG,SSR,1565.19,74.79,0.000,219.19
16,Slow 4G,SVG,CSR,3515.43,64.10,0.000,218.23
16,Slow 4G,GIF,SSR,5774.13,89.12,0.000,273.58
16,Slow 4G,GIF,CSR,7072.37,66.93,0.000,274.98
17,Broadband,Lottie,SSR,1478.55,0.00,0.000,1092.42
17,Broadband,Lottie,CSR,2267.11,0.00,0.000,1092.49
17,Broadband,SVG,SSR,1446.67,0.00,0.000,219.12
17,Broadband,SVG,CSR,2282.26,0.00,0.000,218.22
17,Broadband,GIF,SSR,2424.09,0.00,0.000,273.48
17,Broadband,GIF,CSR,2267.95,0.00,0.000,274.84
17,Fast 4G,Lottie,SSR,2454.86,8.65,0.000,1092.30
17,Fast 4G,Lottie,CSR,2279.35,0.00,0.000,1092.50
17,Fast 4G,SVG,SSR,2490.21,0.00,0.000,219.14
17,Fast 4G,SVG,CSR,2272.16,0.00,0.000,218.32
17,Fast 4G,GIF,SSR,2475.55,0.00,0.000,273.52
17,Fast 4G,GIF,CSR,2268.61,0.00,0.000,274.96
17,Slow 4G,Lottie,SSR,1526.98,125.44,0.000,1092.33
17,Slow 4G,Lottie,CSR,1486.64,82.86,0.000,1092.51
17,Slow 4G,SVG,SSR,1676.41,100.27,0.000,219.19
17,Slow 4G,SVG,CSR,1418.13,68.24,0.000,218.19
17,Slow 4G,GIF,SSR,6030.49,80.43,0.000,273.54
17,Slow 4G,GIF,CSR,7103.27,73.31,0.000,274.99
18,Broadband,Lottie,SSR,2494.24,0.00,0.000,1092.20
18,Broadband,Lottie,CSR,1224.73,0.00,0.000,1092.48
18,Broadband,SVG,SSR,2494.82,0.00,0.000,219.10
18,Broadband,SVG,CSR,1154.26,0.00,0.000,218.19
18,Broadband,GIF,SSR,2428.40,0.00,0.000,273.42
18,Broadband,GIF,CSR,1354.11,0.00,0.000,274.84
18,Fast 4G,Lottie,SSR,2490.07,7.38,0.000,1092.58
18,Fast 4G,Lottie,CSR,2258.36,0.00,0.000,1092.51
18,Fast 4G,SVG,SSR,2431.89,0.00,0.000,219.12
18,Fast 4G,SVG,CSR,2258.24,0.00,0.000,218.29
18,Fast 4G,GIF,SSR,2516.37,0.00,0.000,273.48
18,Fast 4G,GIF,CSR,2302.48,0.00,0.000,274.74
18,Slow 4G,Lottie,SSR,2534.69,160.80,0.000,1092.44
18,Slow 4G,Lottie,CSR,1518.88,69.85,0.000,1092.55
18,Slow 4G,SVG,SSR,1486.87,88.68,0.000,219.17
18,Slow 4G,SVG,CSR,1558.89,70.62,0.000,218.38
18,Slow 4G,GIF,SSR,5767.66,84.88,0.000,273.51
18,Slow 4G,GIF,CSR,7068.49,78.23,0.000,274.99
19,Broadband,Lottie,SSR,2394.35,0.00,0.000,1092.42
19,Broadband,Lottie,CSR,2300.39,0.00,0.000,1092.45
19,Broadband,SVG,SSR,2454.05,0.00,0.000,219.15
19,Broadband,SVG,CSR,2247.07,0.00,0.000,218.18
19,Broadband,GIF,SSR,2391.66,0.00,0.000,273.46
19,Broadband,GIF,CSR,2278.74,0.00,0.000,274.93
19,Fast 4G,Lottie,SSR,2458.31,10.06,0.000,1092.67
19,Fast 4G,Lottie,CSR,2277.00,0.00,0.000,1092.43
19,Fast 4G,SVG,SSR,2499.76,0.00,0.000,219.18
19,Fast 4G,SVG,CSR,2259.59,0.00,0.000,218.17
19,Fast 4G,GIF,SSR,2433.49,0.00,0.000,273.51
19,Fast 4G,GIF,CSR,2362.24,0.00,0.000,274.81
19,Slow 4G,Lottie,SSR,2262.37,119.21,0.000,1092.78
19,Slow 4G,Lottie,CSR,1410.83,125.26,0.000,1092.55
19,Slow 4G,SVG,SSR,1628.79,77.59,0.000,219.18
19,Slow 4G,SVG,CSR,1640.55,70.69,0.000,218.37
19,Slow 4G,GIF,SSR,5420.05,83.51,0.000,273.52
19,Slow 4G,GIF,CSR,7076.22,64.60,0.000,274.99
20,Broadband,Lottie,SSR,467.13,0.00,0.000,1092.64
20,Broadband,Lottie,CSR,1258.73,0.00,0.000,1092.45
20,Broadband,SVG,SSR,2420.67,0.00,0.000,219.16
20,Broadband,SVG,CSR,2263.56,0.00,0.000,218.29
20,Broadband,GIF,SSR,2387.18,0.00,0.000,273.48
20,Broadband,GIF,CSR,2302.04,0.00,0.000,274.89
20,Fast 4G,Lottie,SSR,2494.85,6.98,0.000,1092.27
20,Fast 4G,Lottie,CSR,2267.04,0.00,0.000,1092.44
20,Fast 4G,SVG,SSR,2381.99,0.00,0.000,219.18
20,Fast 4G,SVG,CSR,2249.42,0.00,0.000,218.06
20,Fast 4G,GIF,SSR,2489.36,0.00,0.000,273.50
20,Fast 4G,GIF,CSR,2330.11,0.00,0.000,274.93
20,Slow 4G,Lottie,SSR,3528.44,126.75,0.000,1092.29
20,Slow 4G,Lottie,CSR,1753.01,79.76,0.000,1092.59
20,Slow 4G,SVG,SSR,2528.57,72.60,0.000,219.17
20,Slow 4G,SVG,CSR,1712.97,76.22,0.000,218.34
20,Slow 4G,GIF,SSR,5777.91,91.24,0.000,273.52
20,Slow 4G,GIF,CSR,7061.26,78.01,0.000,274.99
21,Broadband,Lottie,SSR,2599.57,0.00,0.000,1092.23
21,Broadband,Lottie,CSR,2278.59,0.00,0.000,1092.46
21,Broadband,SVG,SSR,1398.32,0.00,0.000,219.16
21,Broadband,SVG,CSR,2245.56,0.00,0.000,218.06
21,Broadband,GIF,SSR,2461.01,0.00,0.000,273.44
21,Broadband,GIF,CSR,2251.35,0.00,0.000,274.95
21,Fast 4G,Lottie,SSR,2474.02,4.78,0.000,1092.45
21,Fast 4G,Lottie,CSR,2268.59,0.00,0.000,1092.46
21,Fast 4G,SVG,SSR,2494.32,0.00,0.000,219.20
21,Fast 4G,SVG,CSR,2262.26,0.00,0.000,218.28
21,Fast 4G,GIF,SSR,2500.37,0.00,0.000,273.49
21,Fast 4G,GIF,CSR,2345.44,0.00,0.000,274.93
21,Slow 4G,Lottie,SSR,1556.99,110.87,0.000,1092.48
21,Slow 4G,Lottie,CSR,3549.87,65.84,0.000,1092.58
21,Slow 4G,SVG,SSR,1583.45,71.59,0.000,219.16
21,Slow 4G,SVG,CSR,1637.62,64.98,0.000,218.29
21,Slow 4G,GIF,SSR,5786.85,113.45,0.000,273.51
21,Slow 4G,GIF,CSR,7094.58,85.47,0.000,275.02
22,Broadband,Lottie,SSR,2417.17,0.00,0.000,1092.28
22,Broadband,Lottie,CSR,1255.58,0.00,0.000,1092.55
22,Broadband,SVG,SSR,2479.24,0.00,0.000,219.14
22,Broadband,SVG,CSR,173.50,0.00,0.000,218.17
22,Broadband,GIF,SSR,2489.64,0.00,0.000,273.48
22,Broadband,GIF,CSR,2271.93,0.00,0.000,274.94
22,Fast 4G,Lottie,SSR,2487.43,7.90,0.000,1092.29
22,Fast 4G,Lottie,CSR,2276.72,0.00,0.000,1092.45
22,Fast 4G,SVG,SSR,2420.72,0.00,0.000,219.17
22,Fast 4G,SVG,CSR,2250.51,0.00,0.000,218.30
22,Fast 4G,GIF,SSR,2462.00,0.00,0.000,273.43
22,Fast 4G,GIF,CSR,2290.31,0.00,0.000,274.97
22,Slow 4G,Lottie,SSR,3540.70,126.44,0.000,1092.45
22,Slow 4G,Lottie,CSR,1656.88,69.49,0.000,1092.54
22,Slow 4G,SVG,SSR,2523.21,81.33,0.000,219.18
22,Slow 4G,SVG,CSR,3542.11,64.07,0.000,218.30
22,Slow 4G,GIF,SSR,5754.48,84.14,0.000,273.50
22,Slow 4G,GIF,CSR,7090.18,96.16,0.000,274.98
23,Broadband,Lottie,SSR,2425.13,0.00,0.000,1092.39
23,Broadband,Lottie,CSR,437.76,0.00,0.000,1092.40
23,Broadband,SVG,SSR,2499.10,0.00,0.000,219.14
23,Broadband,SVG,CSR,2285.58,0.00,0.000,218.28
23,Broadband,GIF,SSR,2391.01,0.00,0.000,273.49
23,Broadband,GIF,CSR,2269.16,0.00,0.000,274.95
23,Fast 4G,Lottie,SSR,2495.83,6.96,0.000,1092.44
23,Fast 4G,Lottie,CSR,2263.77,0.00,0.000,1092.46
23,Fast 4G,SVG,SSR,2523.62,0.00,0.000,219.18
23,Fast 4G,SVG,CSR,2261.01,0.00,0.000,218.27
23,Fast 4G,GIF,SSR,2497.38,0.00,0.000,273.47
23,Fast 4G,GIF,CSR,2378.44,0.00,0.000,274.92
23,Slow 4G,Lottie,SSR,3511.59,132.53,0.000,1092.43
23,Slow 4G,Lottie,CSR,1734.78,87.66,0.000,1092.55
23,Slow 4G,SVG,SSR,1487.01,81.71,0.000,219.17
23,Slow 4G,SVG,CSR,1816.38,91.08,0.000,218.38
23,Slow 4G,GIF,SSR,5780.53,90.13,0.000,273.53
23,Slow 4G,GIF,CSR,7076.96,88.03,0.000,275.04
24,Broadband,Lottie,SSR,1408.24,0.00,0.000,1092.31
24,Broadband,Lottie,CSR,2277.34,0.00,0.000,1092.46
24,Broadband,SVG,SSR,2481.67,0.00,0.000,219.16
24,Broadband,SVG,CSR,2249.64,0.00,0.000,218.14
24,Broadband,GIF,SSR,2466.90,0.00,0.000,273.46
24,Broadband,GIF,CSR,2249.34,0.00,0.000,274.80
24,Fast 4G,Lottie,SSR,2426.31,5.99,0.000,1092.25
24,Fast 4G,Lottie,CSR,2259.54,0.00,0.000,1092.53
24,Fast 4G,SVG,SSR,2456.08,0.00,0.000,219.18
24,Fast 4G,SVG,CSR,2251.43,0.00,0.000,218.27
24,Fast 4G,GIF,SSR,2465.88,0.00,0.000,273.51
24,Fast 4G,GIF,CSR,2276.72,0.00,0.000,274.93
24,Slow 4G,Lottie,SSR,3525.01,127.91,0.000,1092.40
24,Slow 4G,Lottie,CSR,1460.57,76.16,0.000,1092.58
24,Slow 4G,SVG,SSR,1419.16,80.54,0.000,219.18
24,Slow 4G,SVG,CSR,1751.59,78.82,0.000,218.38
24,Slow 4G,GIF,SSR,5765.67,90.10,0.000,273.51
24,Slow 4G,GIF,CSR,7054.35,75.40,0.000,275.01
25,Broadband,Lottie,SSR,2451.43,0.00,0.000,1092.20
25,Broadband,Lottie,CSR,2256.67,0.00,0.000,1092.50
25,Broadband,SVG,SSR,1437.18,0.00,0.000,219.17
25,Broadband,SVG,CSR,2256.11,0.00,0.000,218.25
25,Broadband,GIF,SSR,2419.82,0.00,0.000,273.53
25,Broadband,GIF,CSR,1322.99,0.00,0.000,274.94
25,Fast 4G,Lottie,SSR,2453.78,7.49,0.000,1092.59
25,Fast 4G,Lottie,CSR,2251.18,0.00,0.000,1092.38
25,Fast 4G,SVG,SSR,2411.53,0.00,0.000,219.20
25,Fast 4G,SVG,CSR,2283.96,0.00,0.000,218.07
25,Fast 4G,GIF,SSR,1302.90,9.12,0.000,273.51
25,Fast 4G,GIF,CSR,2264.41,0.00,0.000,274.95
25,Slow 4G,Lottie,SSR,3519.09,134.48,0.000,1092.64
25,Slow 4G,Lottie,CSR,1624.52,67.84,0.000,1092.52
25,Slow 4G,SVG,SSR,1654.39,85.72,0.000,219.18
25,Slow 4G,SVG,CSR,1637.46,63.73,0.000,218.37
25,Slow 4G,GIF,SSR,5802.82,99.65,0.000,273.49
25,Slow 4G,GIF,CSR,7063.08,84.06,0.000,274.92
26,Broadband,Lottie,SSR,2488.28,0.00,0.000,1092.26
26,Broadband,Lottie,CSR,166.88,0.00,0.000,1092.50
26,Broadband,SVG,SSR,363.73,0.00,0.000,219.11
26,Broadband,SVG,CSR,1232.23,0.00,0.000,218.31
26,Broadband,GIF,SSR,2466.70,0.00,0.000,273.46
26,Broadband,GIF,CSR,2379.40,0.00,0.000,274.85
26,Fast 4G,Lottie,SSR,2493.56,7.13,0.000,1092.15
26,Fast 4G,Lottie,CSR,2265.60,0.00,0.000,1092.48
26,Fast 4G,SVG,SSR,2480.66,0.00,0.000,219.13
26,Fast 4G,SVG,CSR,2258.11,0.00,0.000,218.32
26,Fast 4G,GIF,SSR,2419.67,0.00,0.000,273.47
26,Fast 4G,GIF,CSR,2326.30,0.00,0.000,274.96
26,Slow 4G,Lottie,SSR,3551.57,133.21,0.000,1092.28
26,Slow 4G,Lottie,CSR,3518.75,71.12,0.000,1092.49
26,Slow 4G,SVG,SSR,1717.80,79.55,0.000,219.23
26,Slow 4G,SVG,CSR,3539.76,72.80,0.000,218.16
26,Slow 4G,GIF,SSR,5779.69,79.45,0.000,273.55
26,Slow 4G,GIF,CSR,7042.97,75.78,0.000,274.95
27,Broadband,Lottie,SSR,2440.77,0.00,0.000,1092.27
27,Broadband,Lottie,CSR,2146.25,0.00,0.000,1092.44
27,Broadband,SVG,SSR,1417.66,0.00,0.000,219.18
27,Broadband,SVG,CSR,1257.29,0.00,0.000,218.16
27,Broadband,GIF,SSR,2433.81,0.00,0.000,273.47
27,Broadband,GIF,CSR,2262.94,0.00,0.000,274.89
27,Fast 4G,Lottie,SSR,2473.24,4.05,0.000,1092.36
27,Fast 4G,Lottie,CSR,2259.68,0.00,0.000,1092.42
27,Fast 4G,SVG,SSR,2425.15,0.00,0.000,219.20
27,Fast 4G,SVG,CSR,2255.67,0.00,0.000,218.15
27,Fast 4G,GIF,SSR,2512.58,0.00,0.000,273.51
27,Fast 4G,GIF,CSR,2274.15,0.00,0.000,274.94
27,Slow 4G,Lottie,SSR,3529.36,131.55,0.000,1092.31
27,Slow 4G,Lottie,CSR,1530.42,80.03,0.000,1092.59
27,Slow 4G,SVG,SSR,1413.00,72.35,0.000,219.18
27,Slow 4G,SVG,CSR,1698.30,72.23,0.000,218.37
27,Slow 4G,GIF,SSR,5770.73,82.59,0.000,273.52
27,Slow 4G,GIF,CSR,7068.91,77.64,0.000,275.02
28,Broadband,Lottie,SSR,2462.54,0.00,0.000,1092.49
28,Broadband,Lottie,CSR,270.76,0.00,0.000,1092.50
28,Broadband,SVG,SSR,2491.22,0.00,0.000,219.17
28,Broadband,SVG,CSR,1155.11,0.00,0.000,218.27
28,Broadband,GIF,SSR,2451.03,0.00,0.000,273.47
28,Broadband,GIF,CSR,2276.89,0.00,0.000,274.95
28,Fast 4G,Lottie,SSR,739.24,5.88,0.000,1092.65
28,Fast 4G,Lottie,CSR,2251.05,0.00,0.000,1092.51
28,Fast 4G,SVG,SSR,2443.36,0.00,0.000,219.13
28,Fast 4G,SVG,CSR,2250.09,0.00,0.000,218.29
28,Fast 4G,GIF,SSR,2467.79,0.00,0.000,273.44
28,Fast 4G,GIF,CSR,2302.10,0.00,0.000,274.97
28,Slow 4G,Lottie,SSR,1515.69,116.06,0.000,1092.46
28,Slow 4G,Lottie,CSR,1567.37,71.93,0.000,1092.55
28,Slow 4G,SVG,SSR,1492.74,70.48,0.000,219.18
28,Slow 4G,SVG,CSR,2516.12,76.12,0.000,218.23
28,Slow 4G,GIF,SSR,5768.68,82.41,0.000,273.54
28,Slow 4G,GIF,CSR,7150.41,81.34,0.000,274.98
29,Broadband,Lottie,SSR,1494.62,0.00,0.000,1092.27
29,Broadband,Lottie,CSR,1280.10,0.00,0.000,1092.45
29,Broadband,SVG,SSR,2402.79,0.00,0.000,219.19
29,Broadband,SVG,CSR,2251.62,0.00,0.000,218.25
29,Broadband,GIF,SSR,2411.14,0.00,0.000,273.52
29,Broadband,GIF,CSR,454.78,0.00,0.000,274.94
29,Fast 4G,Lottie,SSR,828.98,11.74,0.000,1092.46
29,Fast 4G,Lottie,CSR,2263.63,0.00,0.000,1092.51
29,Fast 4G,SVG,SSR,2456.93,0.00,0.000,219.13
29,Fast 4G,SVG,CSR,2255.06,0.00,0.000,218.16
29,Fast 4G,GIF,SSR,2454.29,0.00,0.000,273.53
29,Fast 4G,GIF,CSR,2352.67,0.00,0.000,274.95
29,Slow 4G,Lottie,SSR,1585.46,121.96,0.000,1092.37
29,Slow 4G,Lottie,CSR,1653.06,115.58,0.000,1092.59
29,Slow 4G,SVG,SSR,1715.13,76.31,0.000,219.17
29,Slow 4G,SVG,CSR,1782.90,73.61,0.000,218.37
29,Slow 4G,GIF,SSR,5787.97,92.19,0.000,273.54
29,Slow 4G,GIF,CSR,7072.58,73.82,0.000,274.89
30,Broadband,Lottie,SSR,2495.13,0.00,0.000,1092.44
30,Broadband,Lottie,CSR,2274.01,0.00,0.000,1092.48
30,Broadband,SVG,SSR,1441.94,0.00,0.000,219.16
30,Broadband,SVG,CSR,1284.20,0.00,0.000,218.29
30,Broadband,GIF,SSR,2408.75,0.00,0.000,273.48
30,Broadband,GIF,CSR,537.77,0.00,0.000,274.79
30,Fast 4G,Lottie,SSR,2432.63,11.01,0.000,1092.42
30,Fast 4G,Lottie,CSR,2269.14,0.00,0.000,1092.50
30,Fast 4G,SVG,SSR,2491.45,0.00,0.000,219.12
30,Fast 4G,SVG,CSR,2296.42,0.00,0.000,218.27
30,Fast 4G,GIF,SSR,2445.35,0.00,0.000,273.51
30,Fast 4G,GIF,CSR,2301.99,0.00,0.000,274.90
30,Slow 4G,Lottie,SSR,3545.95,118.34,0.000,1092.46
30,Slow 4G,Lottie,CSR,2536.46,62.16,0.000,1092.59
30,Slow 4G,SVG,SSR,1624.87,75.03,0.000,219.16
30,Slow 4G,SVG,CSR,1637.42,73.46,0.000,218.42
30,Slow 4G,GIF,SSR,5774.99,93.19,0.000,273.49
30,Slow 4G,GIF,CSR,7097.16,74.03,0.000,275.01
